"","Age","Mortality rate, mu"
"1",0.5,0.201632325706461
"2",1.5,0.239517374036918
"3",2.5,0.284520709983074
"4",3.5,0.337979800984269
"5",4.5,0.401483413562978
"6",5.5,0.476918830346561
"7",6.5,0.566527938777358
"8",7.5,0.67297385842806
"9",8.5,0.799420087039228
"10",9.5,0.949624517443456
