"","Age","Mortality rate, mu"
"1",0.5,0.213508282186671
"2",1.5,0.250790872762645
"3",2.5,0.29458370990058
"4",3.5,0.346023605974367
"5",4.5,0.406445882333117
"6",5.5,0.477419032728603
"7",6.5,0.560785439633776
"8",7.5,0.658709200401776
"9",8.5,0.773732304778288
"10",9.5,0.908840622071729
